{
  "train": {
    "accuracy": 0.9985567208698162,
    "precision": 1.0,
    "recall": 0.9971137194535309,
    "f1_score": 0.9985547740630119,
    "roc_auc": 0.9999999999999999
  },
  "test": {
    "accuracy": 0.9992304732589458,
    "precision": 1.0,
    "recall": 0.9984603541185527,
    "f1_score": 0.9992295839753467,
    "roc_auc": 0.9999999999999999
  }
}