{
  "train": {
    "mse": 44.27185249136619,
    "rmse": 6.653709678920939,
    "mae": 4.5681646279537915,
    "r2_score": 0.9602278045068915
  },
  "test": {
    "mse": 42.39171004715566,
    "rmse": 6.510891647628277,
    "mae": 4.488999607111792,
    "r2_score": 0.9617360869672602
  }
}